{
  "project_info": {
    "project_number": "260890181856",
    "firebase_url": "https://studentattendance-928be.firebaseio.com",
    "project_id": "studentattendance-928be",
    "storage_bucket": "studentattendance-928be.appspot.com"
  },
  "client": [
    {
      "client_info": {
        "mobilesdk_app_id": "1:260890181856:android:ebaf98dc6ce94493a85085",
        "android_client_info": {
          "package_name": "com.alaa.students_attendance"
        }
      },
      "oauth_client": [
        {
          "client_id": "260890181856-vh641hcpgpkvm9ulv3fmfi4faog5n69p.apps.googleusercontent.com",
          "client_type": 3
        }
      ],
      "api_key": [
        {
          "current_key": "AIzaSyBuxK9mti1gl_2LVQKpbTmCH4JoGZjNbX8"
        }
      ],
      "services": {
        "appinvite_service": {
          "other_platform_oauth_client": [
            {
              "client_id": "260890181856-vh641hcpgpkvm9ulv3fmfi4faog5n69p.apps.googleusercontent.com",
              "client_type": 3
            }
          ]
        }
      }
    }
  ],
  "configuration_version": "1"
}